{"cameraMode":{"drawMode":0,"name":"Shaded","section":"Shading Mode"},"sceneLighting":false,"audioPlay":false,"sceneViewState":{"showFog":true,"showMaterialUpdate":false,"showSkybox":false,"showFlares":true,"showImageEffects":true,"showParticleSystems":true},"in2DMode":false,"pivot":{"x":19.918792724609376,"y":0.8951597213745117,"z":0.0},"rotation":{"x":-0.09995309263467789,"y":-0.03968936204910278,"z":-0.003990272060036659,"w":0.9941946864128113},"size":7.630619525909424,"orthographic":false}